{
    "name": "LS_ADLS_DLS2",
    "type": "Microsoft.Synapse/workspaces/linkedservices",
    "properties": {
        "annotations": [
            "Accelerator: Nitrogen",
            "Supplier: InSpark"
        ],
        "type": "AzureBlobFS",
        "typeProperties": {
            "url": "https://demoekeuwdvlmdloxgn01.dfs.core.windows.net"
        },
        "connectVia": {
            "referenceName": "AutoResolveIntegrationRuntime",
            "type": "IntegrationRuntimeReference"
        }
    }
}