{
    "name": "LS_ASQL_SOURCE",
    "type": "Microsoft.Synapse/workspaces/linkedservices",
    "properties": {
        "annotations": [
            "Accelerator: Nitrogen",
            "Supplier: InSpark"
        ],
        "type": "AzureSqlDatabase",
        "typeProperties": {
            "connectionString": "Integrated Security=False;Encrypt=True;Connection Timeout=30;Data Source=babylonazumssq01.database.windows.net;Initial Catalog=Adventureworks"
        },
        "connectVia": {
            "referenceName": "AutoResolveIntegrationRuntime",
            "type": "IntegrationRuntimeReference"
        }
    }
}