{
    "name": "LS_ASQL_CONFIG",
    "properties": {
        "annotations": [
            "Accelerator: Nitrogen",
            "Supplier: InSpark"
        ],
        "type": "AzureSqlDatabase",
        "typeProperties": {
            "connectionString": {
                "type": "AzureKeyVaultSecret",
                "store": {
                    "referenceName": "LS_AKV_OXGN",
                    "type": "LinkedServiceReference"
                },
                "secretName": "ASQL-OXGN01-CONFIG"
            }
        },
        "connectVia": {
            "referenceName": "AutoResolveIntegrationRuntime",
            "type": "IntegrationRuntimeReference"
        }
    },
    "type": "Microsoft.Synapse/workspaces/linkedservices"
}