{
    "name": "DS_ASQL_CONFIG",
    "properties": {
        "description": ".",
        "linkedServiceName": {
            "referenceName": "LS_ASQL_CONFIG",
            "type": "LinkedServiceReference"
        },
        "folder": {
            "name": "Nitrogen/Metadata"
        },
        "annotations": [
            "scenario: Sparkhouse",
            "stage: Configuration"
        ],
        "type": "AzureSqlTable",
        "schema": [],
        "typeProperties": {
            "schema": "configuration",
            "table": "Source_Parameter"
        }
    },
    "type": "Microsoft.Synapse/workspaces/datasets"
}