{
    "name": "DS_ADLS_RAW_PARQUET",
    "properties": {
        "linkedServiceName": {
            "referenceName": "LS_ADLS_DLS2",
            "type": "LinkedServiceReference"
        },
        "parameters": {
            "FilePath": {
                "type": "string"
            },
            "Filename": {
                "type": "string"
            }
        },
        "folder": {
            "name": "Nitrogen/02. DataLake"
        },
        "annotations": [
            "scenario: Sparkhouse",
            "stage: Datalake"
        ],
        "type": "Parquet",
        "typeProperties": {
            "location": {
                "type": "AzureBlobFSLocation",
                "fileName": {
                    "value": "@dataset().Filename",
                    "type": "Expression"
                },
                "folderPath": {
                    "value": "@dataset().FilePath",
                    "type": "Expression"
                },
                "fileSystem": "raw"
            },
            "compressionCodec": "snappy"
        },
        "schema": []
    },
    "type": "Microsoft.Synapse/workspaces/datasets"
}