{
	"$schema": "http://schema.management.azure.com/schemas/2015-01-01/deploymentTemplate.json#",
	"contentVersion": "1.0.0.0",
	"parameters": {
		"factoryName": {
			"type": "string",
			"metadata": "Data Factory name"
		}
	},
	"variables": {
		"factoryId": "[concat('Microsoft.DataFactory/factories/', parameters('factoryName'))]"
	},
	"resources": [
		{
			"name": "[concat(parameters('factoryName'), '/PL_ACT_PAUSE_SQLPOOL')]",
			"type": "Microsoft.DataFactory/factories/pipelines",
			"apiVersion": "2018-06-01",
			"properties": {
				"description": "Pipeline to Pause a Synapse Dedicated SQL Pool",
				"activities": [
					{
						"name": "Until SQL POOL is Paused or Online",
						"description": "Check every x second to see if status is changed. We can only change Status when  in Paused or Online mode",
						"type": "Until",
						"dependsOn": [],
						"userProperties": [],
						"typeProperties": {
							"expression": {
								"value": "@or(bool(startswith(activity('Check for changed SQLPool Status').Output.Properties.status,'Paused'))\n,Bool(startswith(activity('Check for changed SQLPool Status').Output.Properties.status,'Online')))",
								"type": "Expression"
							},
							"activities": [
								{
									"name": "Check for changed SQLPool Status",
									"description": "Check every x second to see if status is changed",
									"type": "WebActivity",
									"dependsOn": [],
									"policy": {
										"timeout": "7.00:00:00",
										"retry": 3,
										"retryIntervalInSeconds": 30,
										"secureOutput": false,
										"secureInput": false
									},
									"userProperties": [],
									"typeProperties": {
										"url": {
											"value": "https://management.azure.com/subscriptions/@{pipeline().parameters.SubscriptionID}/resourceGroups/@{pipeline().parameters.Synapse_ResourceGroupName}/providers/Microsoft.Synapse/workspaces/@{pipeline().parameters.SynapseWorkspace}/sqlPools/@{pipeline().parameters.SynapseDedicatedSQLPool}/?api-version=2019-06-01-preview",
											"type": "Expression"
										},
										"method": "GET",
										"body": {
											"Dummy": "Dummy"
										},
										"authentication": {
											"type": "MSI",
											"resource": "https://management.azure.com/"
										}
									}
								},
								{
									"name": "Wait before checking again",
									"type": "Wait",
									"dependsOn": [
										{
											"activity": "Check for changed SQLPool Status",
											"dependencyConditions": [
												"Succeeded"
											]
										}
									],
									"userProperties": [],
									"typeProperties": {
										"waitTimeInSeconds": {
											"value": "@pipeline().parameters.WaitTimeUntil",
											"type": "Expression"
										}
									}
								}
							],
							"timeout": "0.00:20:00"
						}
					},
					{
						"name": "Check if SQL POOL is Paused",
						"description": "When SQLPool is Paused do nothing else Pause",
						"type": "IfCondition",
						"dependsOn": [
							{
								"activity": "Until SQL POOL is Paused or Online",
								"dependencyConditions": [
									"Succeeded"
								]
							}
						],
						"userProperties": [],
						"typeProperties": {
							"expression": {
								"value": "@bool(startswith(activity('Check for changed SQLPool Status').Output.Properties.status,'Paused'))",
								"type": "Expression"
							},
							"ifFalseActivities": [
								{
									"name": "Pause SQLPOOL",
									"type": "WebActivity",
									"dependsOn": [],
									"policy": {
										"timeout": "7.00:00:00",
										"retry": 0,
										"retryIntervalInSeconds": 30,
										"secureOutput": false,
										"secureInput": true
									},
									"userProperties": [],
									"typeProperties": {
										"url": {
											"value": "https://management.azure.com/subscriptions/@{pipeline().parameters.SubscriptionID}/resourceGroups/@{pipeline().parameters.Synapse_ResourceGroupName}/providers/Microsoft.Synapse/workspaces/@{pipeline().parameters.SynapseWorkspace}/sqlPools/@{pipeline().parameters.SynapseDedicatedSQLPool}/@{pipeline().parameters.Action}?api-version=2019-06-01-preview",
											"type": "Expression"
										},
										"method": "POST",
										"body": {
											"Nothing": "Nothing"
										},
										"authentication": {
											"type": "MSI",
											"resource": "https://management.azure.com/"
										}
									}
								},
								{
									"name": "Wait before Continue",
									"type": "Wait",
									"dependsOn": [
										{
											"activity": "Pause SQLPOOL",
											"dependencyConditions": [
												"Succeeded"
											]
										}
									],
									"userProperties": [],
									"typeProperties": {
										"waitTimeInSeconds": {
											"value": "@pipeline().parameters.WaitTime",
											"type": "Expression"
										}
									}
								}
							]
						}
					}
				],
				"parameters": {
					"Action": {
						"type": "string",
						"defaultValue": "PAUSE"
					},
					"WaitTime": {
						"type": "int",
						"defaultValue": 10
					},
					"WaitTimeUntil": {
						"type": "int",
						"defaultValue": 30
					},
					"Synapse_ResourceGroupName": {
						"type": "string",
						"defaultValue": "XXXXX"
					},
					"SynapseWorkspace": {
						"type": "string",
						"defaultValue": "XXXXX"
					},
					"SynapseDedicatedSQLPool": {
						"type": "string",
						"defaultValue": "dwh"
					},
					"SubscriptionId": {
						"type": "string",
						"defaultValue": "XXXXX"
					}
				},
				"folder": {
					"name": "SQLPOOL/SQL POOL Pause"
				},
				"annotations": []
			},
			"dependsOn": [
				"[variables('factoryId')]"
			]
		}
	]
}