{"$schema":"http://schema.management.azure.com/schemas/2015-01-01/deploymentTemplate.json#","contentVersion":"1.0.0.0","parameters":{"factoryName":{"type":"string","metadata":"Data Factory name"},"LS_ASQL_CONFIG":{"type":"string"},"LS_ADLS_DLS2":{"type":"string"},"LS_ASQL_SOURCE_DEMO2":{"type":"string"}},"variables":{"factoryId":"[concat('Microsoft.DataFactory/factories/', parameters('factoryName'))]"},"resources":[{"name":"[concat(parameters('factoryName'), '/PL_COMMAND_COPY_ASQL_TO_ADLS_METADATA')]","type":"Microsoft.DataFactory/factories/pipelines","apiVersion":"2018-06-01","properties":{"description":"LOAD all data from ASQL Connection","activities":[{"name":"Get Files","type":"Lookup","dependsOn":[{"activity":"LK_AUDIT_ON_BEGIN_LOGID","dependencyConditions":["Succeeded"]}],"policy":{"timeout":"0.00:02:00","retry":2,"retryIntervalInSeconds":30,"secureOutput":false,"secureInput":false},"userProperties":[],"typeProperties":{"source":{"type":"AzureSqlSource","sqlReaderQuery":"SELECT [PipelineParameterId]\n      ,[SourceName]\n      ,[SourceSchema]\n      ,[SelectQuery]\n      ,[SelectLastLoaddate]\n      ,[FilePath]\n      ,[FileName]\n      ,[TableDestinationName]\n      ,[ProcessType]\n      ,[IsActive]\n      ,[IsIncremental]\n      ,[IsIncrementalColumn]\n      ,[LastLoadtime]\n  FROM [execution].[Pipeline_DataLake_Files]\n","queryTimeout":"02:00:00","partitionOption":"None"},"dataset":{"referenceName":"DS_ASQL_CONFIG","type":"DatasetReference","parameters":{}},"firstRowOnly":false}},{"name":"ForEach","type":"ForEach","dependsOn":[{"activity":"Get Files","dependencyConditions":["Succeeded"]}],"userProperties":[],"typeProperties":{"items":{"value":"@activity('Get Files').output.value","type":"Expression"},"isSequential":false,"batchCount":6,"activities":[{"name":"PL_COPY_ASQL_TO_ADLS","type":"ExecutePipeline","dependsOn":[],"userProperties":[],"typeProperties":{"pipeline":{"referenceName":"PL_EXECUTE_COPY_ASQL_TO_ADLS_METADATA","type":"PipelineReference"},"waitOnCompletion":true,"parameters":{"FilePath":{"value":"@{Item().FilePath}","type":"Expression"},"PipelineParameterId":{"value":"@{item().PipelineParameterId}","type":"Expression"},"SourceName":{"value":"@{item().SourceName}","type":"Expression"},"ParentLogID":{"value":"@{activity('LK_AUDIT_ON_BEGIN_LOGID').output.firstRow.logID}","type":"Expression"},"FileName":{"value":"@{item().FileName}","type":"Expression"},"SelectQuery":{"value":"@{item().SelectQuery}","type":"Expression"},"SelectLastLoadDate":{"value":"@{item().SelectLastLoadDate}","type":"Expression"}}}}]}},{"name":"SP_AUDIT_ON_BEGIN","type":"SqlServerStoredProcedure","dependsOn":[],"policy":{"timeout":"0.00:02:00","retry":2,"retryIntervalInSeconds":30,"secureOutput":false,"secureInput":false},"userProperties":[],"typeProperties":{"storedProcedureName":"[[audit].[Event_Pipeline_OnBegin]","storedProcedureParameters":{"DatafactoryName":{"value":{"value":"@pipeline().DataFactory","type":"Expression"},"type":"String"},"Description":{"value":null,"type":"String"},"logID":{"value":null,"type":"Int32"},"operator":{"value":{"value":"@pipeline().TriggerType","type":"Expression"},"type":"String"},"ParentLogID":{"value":{"value":"@pipeline().parameters.ParentLogID","type":"Expression"},"type":"Int32"},"PipelineName":{"value":{"value":"@pipeline().Pipeline","type":"Expression"},"type":"String"},"PipelineRunId":{"value":{"value":"@pipeline().RunId","type":"Expression"},"type":"Guid"}}},"linkedServiceName":{"referenceName":"[parameters('LS_ASQL_CONFIG')]","type":"LinkedServiceReference"}},{"name":"LK_AUDIT_ON_BEGIN_LOGID","type":"Lookup","dependsOn":[{"activity":"SP_AUDIT_ON_BEGIN","dependencyConditions":["Succeeded"]}],"policy":{"timeout":"0.00:02:00","retry":1,"retryIntervalInSeconds":30,"secureOutput":false},"userProperties":[],"typeProperties":{"source":{"type":"AzureSqlSource","sqlReaderQuery":{"value":"SELECT  [LogID]  FROM [audit].[Pipeline_ExecutionLog]  where PipelineRunId='@{pipeline().RunId}'","type":"Expression"},"queryTimeout":"02:00:00","partitionOption":"None"},"dataset":{"referenceName":"DS_ASQL_CONFIG","type":"DatasetReference","parameters":{}}}},{"name":"SP_AUDIT_ON_END","type":"SqlServerStoredProcedure","dependsOn":[{"activity":"ForEach","dependencyConditions":["Succeeded"]}],"policy":{"timeout":"0.00:02:00","retry":2,"retryIntervalInSeconds":30,"secureOutput":false,"secureInput":false},"userProperties":[],"typeProperties":{"storedProcedureName":"[[audit].[Event_Pipeline_OnEnd]","storedProcedureParameters":{"logID":{"value":{"value":"@{activity('LK_AUDIT_ON_BEGIN_LOGID').output.firstRow.logID}","type":"Expression"},"type":"Int32"}}},"linkedServiceName":{"referenceName":"[parameters('LS_ASQL_CONFIG')]","type":"LinkedServiceReference"}},{"name":"SP_AUDIT_ON_ERROR","type":"SqlServerStoredProcedure","dependsOn":[{"activity":"ForEach","dependencyConditions":["Failed"]}],"policy":{"timeout":"0.00:02:00","retry":2,"retryIntervalInSeconds":30,"secureOutput":false,"secureInput":false},"userProperties":[],"typeProperties":{"storedProcedureName":"[[audit].[Event_Pipeline_OnError]","storedProcedureParameters":{"failureMessage":{"value":null,"type":"String"},"logID":{"value":{"value":"@{activity('LK_AUDIT_ON_BEGIN_LOGID').output.firstRow.logID}","type":"Expression"},"type":"Int32"},"reference":{"value":null,"type":"String"}}},"linkedServiceName":{"referenceName":"[parameters('LS_ASQL_CONFIG')]","type":"LinkedServiceReference"}},{"name":"SP_AUDIT_ON_ERROR_GETFILES","type":"SqlServerStoredProcedure","dependsOn":[{"activity":"Get Files","dependencyConditions":["Failed"]}],"policy":{"timeout":"0.00:02:00","retry":2,"retryIntervalInSeconds":30,"secureOutput":false,"secureInput":false},"userProperties":[],"typeProperties":{"storedProcedureName":"[[audit].[Event_Pipeline_OnError]","storedProcedureParameters":{"failureMessage":{"value":{"value":"@activity('Get Files').error.message","type":"Expression"},"type":"String"},"logID":{"value":{"value":"@{activity('LK_AUDIT_ON_BEGIN_LOGID').output.firstRow.logID}","type":"Expression"},"type":"Int32"},"reference":{"value":null,"type":"String"}}},"linkedServiceName":{"referenceName":"[parameters('LS_ASQL_CONFIG')]","type":"LinkedServiceReference"}}],"parameters":{"ParentLogID":{"type":"int","defaultValue":0}},"folder":{"name":"DEMO Parameters/Demo 3"},"annotations":["stage: Datalake","scenario: Sparkhouse"],"lastPublishTime":"2021-02-17T17:49:12Z"},"dependsOn":["[concat(variables('factoryId'), '/datasets/DS_ASQL_CONFIG')]","[concat(variables('factoryId'), '/pipelines/PL_EXECUTE_COPY_ASQL_TO_ADLS_METADATA')]"]},{"name":"[concat(parameters('factoryName'), '/DS_ASQL_CONFIG')]","type":"Microsoft.DataFactory/factories/datasets","apiVersion":"2018-06-01","properties":{"description":".","linkedServiceName":{"referenceName":"[parameters('LS_ASQL_CONFIG')]","type":"LinkedServiceReference"},"folder":{"name":"Config"},"annotations":["scenario: Sparkhouse","stage: Configuration"],"type":"AzureSqlTable","schema":[],"typeProperties":{"schema":"execution","table":"Connection_Parameter"}},"dependsOn":[]},{"name":"[concat(parameters('factoryName'), '/PL_EXECUTE_COPY_ASQL_TO_ADLS_METADATA')]","type":"Microsoft.DataFactory/factories/pipelines","apiVersion":"2018-06-01","properties":{"description":"Load data from any ASQL database to ADLS in parquet format","activities":[{"name":"Copy Source to ADLS","type":"Copy","dependsOn":[{"activity":"Get LastLoadDate","dependencyConditions":["Succeeded"]}],"policy":{"timeout":"0.00:04:00","retry":2,"retryIntervalInSeconds":60,"secureOutput":false,"secureInput":false},"userProperties":[],"typeProperties":{"source":{"type":"AzureSqlSource","sqlReaderQuery":{"value":"@{pipeline().parameters.SelectQuery}","type":"Expression"},"queryTimeout":"00:30:00","partitionOption":"None"},"sink":{"type":"ParquetSink","storeSettings":{"type":"AzureBlobFSWriteSettings"},"formatSettings":{"type":"ParquetWriteSettings"}},"enableStaging":false,"parallelCopies":10,"enableSkipIncompatibleRow":true,"validateDataConsistency":true,"logStorageSettings":{"linkedServiceName":{"referenceName":"[parameters('LS_ADLS_DLS2')]","type":"LinkedServiceReference"},"path":{"value":"raw/logging/@{formatDateTime(utcnow(), 'yyyy/MM/dd')}","type":"Expression"}},"enableLogging":true},"inputs":[{"referenceName":"DS_ASQL_SOURCE_DEMO2","type":"DatasetReference","parameters":{"SourceDatabase":{"value":"@pipeline().parameters.SourceDatabase","type":"Expression"}}}],"outputs":[{"referenceName":"DS_ADLS_RAW_PARQUET_DEMO2","type":"DatasetReference","parameters":{"FilePath":{"value":"@pipeline().parameters.FilePath","type":"Expression"},"Filename":{"value":"@pipeline().parameters.FileName","type":"Expression"}}}]},{"name":"Set LastLoaddate Source","type":"SqlServerStoredProcedure","dependsOn":[{"activity":"Copy Source to ADLS","dependencyConditions":["Succeeded"]}],"policy":{"timeout":"0.00:02:00","retry":2,"retryIntervalInSeconds":30,"secureOutput":false,"secureInput":false},"userProperties":[],"typeProperties":{"storedProcedureName":"sp_executesql","storedProcedureParameters":{"STMNT":{"value":{"value":"UPDATE\t\tx\nSET\t\t\t[LastLoadtime] = '@{activity('Get LastLoadDate').output.firstrow.LastLoadDate}' \nFROM\t\tconfiguration.Source_Parameter\tx\t\n\nwhere id= @{pipeline().parameters.PipelineParameterId}","type":"Expression"},"type":"String"}}},"linkedServiceName":{"referenceName":"[parameters('LS_ASQL_CONFIG')]","type":"LinkedServiceReference"}},{"name":"SP_AUDIT_ON_BEGIN","type":"SqlServerStoredProcedure","dependsOn":[],"policy":{"timeout":"0.00:02:00","retry":2,"retryIntervalInSeconds":30,"secureOutput":false,"secureInput":false},"userProperties":[],"typeProperties":{"storedProcedureName":"[[audit].[Event_Pipeline_OnBegin]","storedProcedureParameters":{"DatafactoryName":{"value":{"value":"@pipeline().DataFactory","type":"Expression"},"type":"String"},"Description":{"value":{"value":"@pipeline().parameters.SourceName","type":"Expression"},"type":"String"},"logID":{"value":null,"type":"Int32"},"operator":{"value":{"value":"@pipeline().TriggerType","type":"Expression"},"type":"String"},"ParentLogID":{"value":{"value":"@pipeline().parameters.ParentLogID","type":"Expression"},"type":"Int32"},"PipelineName":{"value":{"value":"@pipeline().Pipeline","type":"Expression"},"type":"String"},"PipelineRunId":{"value":{"value":"@pipeline().RunId","type":"Expression"},"type":"Guid"}}},"linkedServiceName":{"referenceName":"[parameters('LS_ASQL_CONFIG')]","type":"LinkedServiceReference"}},{"name":"LK_AUDIT_ON_BEGIN_LOGID","type":"Lookup","dependsOn":[{"activity":"SP_AUDIT_ON_BEGIN","dependencyConditions":["Succeeded"]}],"policy":{"timeout":"0.00:02:00","retry":1,"retryIntervalInSeconds":30,"secureOutput":false},"userProperties":[],"typeProperties":{"source":{"type":"AzureSqlSource","sqlReaderQuery":{"value":"SELECT  [LogID]  FROM [audit].[Pipeline_ExecutionLog]  where PipelineRunId='@{pipeline().RunId}'","type":"Expression"},"queryTimeout":"02:00:00","partitionOption":"None"},"dataset":{"referenceName":"DS_ASQL_CONFIG","type":"DatasetReference","parameters":{}}}},{"name":"SP_AUDIT_ON_ERROR","type":"SqlServerStoredProcedure","dependsOn":[{"activity":"Copy Source to ADLS","dependencyConditions":["Failed"]}],"policy":{"timeout":"0.00:02:00","retry":2,"retryIntervalInSeconds":30,"secureOutput":false,"secureInput":false},"userProperties":[],"typeProperties":{"storedProcedureName":"[[audit].[Event_Pipeline_OnError]","storedProcedureParameters":{"failureMessage":{"value":{"value":"@{activity('Copy Source to ADLS').error.message}","type":"Expression"},"type":"String"},"logID":{"value":{"value":"@{activity('LK_AUDIT_ON_BEGIN_LOGID').output.firstRow.logID}","type":"Expression"},"type":"Int32"},"reference":{"value":null,"type":"String"}}},"linkedServiceName":{"referenceName":"[parameters('LS_ASQL_CONFIG')]","type":"LinkedServiceReference"}},{"name":"SP_AUDIT_ON_END","type":"SqlServerStoredProcedure","dependsOn":[{"activity":"Set LastLoaddate Source","dependencyConditions":["Succeeded"]}],"policy":{"timeout":"0.00:02:00","retry":2,"retryIntervalInSeconds":30,"secureOutput":false,"secureInput":false},"userProperties":[],"typeProperties":{"storedProcedureName":"[[audit].[Event_Pipeline_OnEnd]","storedProcedureParameters":{"logID":{"value":{"value":"@{activity('LK_AUDIT_ON_BEGIN_LOGID').output.firstRow.logID}","type":"Expression"},"type":"Int32"},"reference":{"value":{"value":"@activity('Copy Source to ADLS').output.billingReference.activityType","type":"Expression"},"type":"String"},"RowsRead":{"value":{"value":"@activity('Copy Source to ADLS').output.RowsRead","type":"Expression"},"type":"Int32"},"RowsSkipped":{"value":{"value":"@activity('Copy Source to ADLS').output.RowsSkipped","type":"Expression"},"type":"Int32"},"RowsNew":{"value":{"value":"@activity('Copy Source to ADLS').output.RowsCopied","type":"Expression"},"type":"Int32"},"NumberOfParallelCopies":{"value":{"value":"@activity('Copy Source to ADLS').output.usedParallelCopies","type":"Expression"},"type":"Int32"},"IntegrationRuntime":{"value":{"value":"@{activity('Copy Source to ADLS').output.effectiveIntegrationRuntime}","type":"Expression"},"type":"String"},"dataConsistencyVerification":{"value":{"value":"@{activity('Copy Source to ADLS').output.dataConsistencyVerification.VerificationResult}","type":"Expression"},"type":"String"}}},"linkedServiceName":{"referenceName":"[parameters('LS_ASQL_CONFIG')]","type":"LinkedServiceReference"}},{"name":"Get LastLoadDate","type":"Lookup","dependsOn":[{"activity":"LK_AUDIT_ON_BEGIN_LOGID","dependencyConditions":["Succeeded"]}],"policy":{"timeout":"7.00:00:00","retry":2,"retryIntervalInSeconds":30,"secureOutput":false,"secureInput":false},"userProperties":[],"typeProperties":{"source":{"type":"AzureSqlSource","sqlReaderQuery":{"value":"@{pipeline().parameters.SelectLastLoadDate}","type":"Expression"},"queryTimeout":"02:00:00","partitionOption":"None"},"dataset":{"referenceName":"DS_ASQL_SOURCE_DEMO2","type":"DatasetReference","parameters":{"SourceDatabase":{"value":"@pipeline().parameters.SourceDatabase","type":"Expression"}}},"firstRowOnly":true}},{"name":"SP_AUDIT_ON_ERROR_LLD","type":"SqlServerStoredProcedure","dependsOn":[{"activity":"Get LastLoadDate","dependencyConditions":["Failed"]}],"policy":{"timeout":"0.00:02:00","retry":2,"retryIntervalInSeconds":30,"secureOutput":false,"secureInput":false},"userProperties":[],"typeProperties":{"storedProcedureName":"[[audit].[Event_Pipeline_OnError]","storedProcedureParameters":{"failureMessage":{"value":{"value":"@{activity('Get LastLoadDate').error.message}","type":"Expression"},"type":"String"},"logID":{"value":{"value":"@{activity('LK_AUDIT_ON_BEGIN_LOGID').output.firstRow.logID}","type":"Expression"},"type":"Int32"},"reference":{"value":null,"type":"String"}}},"linkedServiceName":{"referenceName":"[parameters('LS_ASQL_CONFIG')]","type":"LinkedServiceReference"}}],"parameters":{"FilePath":{"type":"string"},"PipelineParameterId":{"type":"int"},"SourceName":{"type":"string"},"ParentLogID":{"type":"int"},"FileName":{"type":"string"},"SourceDatabase":{"type":"string","defaultValue":"WideWorldImporters"},"SelectQuery":{"type":"string"},"SelectLastLoadDate":{"type":"string"}},"variables":{"Filename":{"type":"String"}},"folder":{"name":"DEMO Parameters/Demo 3"},"annotations":["stage: Datalake","scenario: Sparkhouse"],"lastPublishTime":"2021-02-17T17:49:11Z"},"dependsOn":["[concat(variables('factoryId'), '/datasets/DS_ASQL_SOURCE_DEMO2')]","[concat(variables('factoryId'), '/datasets/DS_ADLS_RAW_PARQUET_DEMO2')]","[concat(variables('factoryId'), '/datasets/DS_ASQL_CONFIG')]"]},{"name":"[concat(parameters('factoryName'), '/DS_ASQL_SOURCE_DEMO2')]","type":"Microsoft.DataFactory/factories/datasets","apiVersion":"2018-06-01","properties":{"linkedServiceName":{"referenceName":"[parameters('LS_ASQL_SOURCE_DEMO2')]","type":"LinkedServiceReference","parameters":{"Database":{"value":"@dataset().SourceDatabase","type":"Expression"}}},"parameters":{"SourceDatabase":{"type":"string"}},"folder":{"name":"Demo 2"},"annotations":["scenario: Sparkhouse","stage: Datalake"],"type":"AzureSqlTable","schema":[],"typeProperties":{}},"dependsOn":[]},{"name":"[concat(parameters('factoryName'), '/DS_ADLS_RAW_PARQUET_DEMO2')]","type":"Microsoft.DataFactory/factories/datasets","apiVersion":"2018-06-01","properties":{"linkedServiceName":{"referenceName":"[parameters('LS_ADLS_DLS2')]","type":"LinkedServiceReference"},"parameters":{"FilePath":{"type":"string"},"Filename":{"type":"string"}},"folder":{"name":"Demo 2"},"annotations":["scenario: Sparkhouse","stage: Datalake"],"type":"Parquet","typeProperties":{"location":{"type":"AzureBlobFSLocation","fileName":{"value":"@dataset().Filename","type":"Expression"},"folderPath":{"value":"@dataset().FilePath","type":"Expression"},"fileSystem":"raw"},"compressionCodec":"snappy"},"schema":[]},"dependsOn":[]}]}