{
    "name": "PL_COMMAND_COPY_ASQL_TO_ADLS_WORKER_DEMO",
    "properties": {
        "description": "Pipeline to get control or your DataLoads, more details https://erwindekreuk.com/2021/07/get-control-of-data-loads-in-azure-synapse",
        "activities": [
            {
                "name": "Get Files Worker1",
                "description": "Will run all the Files with Worker 1. Setting is done in [configuration].[Source_Parameter]",
                "type": "Lookup",
                "dependsOn": [],
                "policy": {
                    "timeout": "7.00:00:00",
                    "retry": 2,
                    "retryIntervalInSeconds": 30,
                    "secureOutput": false,
                    "secureInput": false
                },
                "userProperties": [],
                "typeProperties": {
                    "source": {
                        "type": "AzureSqlSource",
                        "sqlReaderQuery": "SELECT [PipelineParameterId]\n      ,[SelectQuery]\n      ,[SelectLastLoaddate]\n      ,[FilePath]\n      ,[FileName]\n      ,[IsIncremental]\nFROM [execution_demo].[Load_DataLake_Files]\nWHERE\tIsActive\t\t= 1 \nand Worker='1'\n\norder by WorkerOrder asc\n",
                        "queryTimeout": "02:00:00",
                        "partitionOption": "None"
                    },
                    "dataset": {
                        "referenceName": "DS_ASQL_CONFIG",
                        "type": "DatasetReference"
                    },
                    "firstRowOnly": false
                }
            },
            {
                "name": "ForEach_Worker1",
                "type": "ForEach",
                "dependsOn": [
                    {
                        "activity": "Get Files Worker1",
                        "dependencyConditions": [
                            "Succeeded"
                        ]
                    }
                ],
                "userProperties": [],
                "typeProperties": {
                    "items": {
                        "value": "@activity('Get Files Worker1').output.value",
                        "type": "Expression"
                    },
                    "isSequential": false,
                    "batchCount": 20,
                    "activities": [
                        {
                            "name": "PL_EXECUTE_COPY_ASQL_TO_ADLS_DEMO_INCR_W1",
                            "type": "ExecutePipeline",
                            "dependsOn": [],
                            "userProperties": [],
                            "typeProperties": {
                                "pipeline": {
                                    "referenceName": "PL_EXECUTE_COPY_ASQL_TO_ADLS_DEMO",
                                    "type": "PipelineReference"
                                },
                                "waitOnCompletion": true,
                                "parameters": {
                                    "FilePath": {
                                        "value": "@{Item().FilePath}",
                                        "type": "Expression"
                                    },
                                    "PipelineParameterId": {
                                        "value": "@{item().PipelineParameterId}",
                                        "type": "Expression"
                                    },
                                    "FileName": {
                                        "value": "@{item().FileName}",
                                        "type": "Expression"
                                    },
                                    "SelectQuery": {
                                        "value": "@{item().SelectQuery}",
                                        "type": "Expression"
                                    },
                                    "SelectLastLoadDate": {
                                        "value": "@{item().SelectLastLoadDate}",
                                        "type": "Expression"
                                    },
                                    "IsIncremental": {
                                        "value": "@{item().IsIncremental}",
                                        "type": "Expression"
                                    }
                                }
                            }
                        }
                    ]
                }
            },
            {
                "name": "Get Files Worker2",
                "description": "Will run all the Files with Worker 1. Setting is done in [configuration].[Source_Parameter]",
                "type": "Lookup",
                "dependsOn": [],
                "policy": {
                    "timeout": "7.00:00:00",
                    "retry": 2,
                    "retryIntervalInSeconds": 30,
                    "secureOutput": false,
                    "secureInput": false
                },
                "userProperties": [],
                "typeProperties": {
                    "source": {
                        "type": "AzureSqlSource",
                        "sqlReaderQuery": "SELECT [PipelineParameterId]\n      ,[SelectQuery]\n      ,[SelectLastLoaddate]\n      ,[FilePath]\n      ,[FileName]\n      ,[IsIncremental]\n  FROM [execution_demo].[Load_DataLake_Files]\nWHERE\tIsActive\t\t= 1 \nand Worker='2'\norder by WorkerOrder asc\n",
                        "queryTimeout": "02:00:00",
                        "partitionOption": "None"
                    },
                    "dataset": {
                        "referenceName": "DS_ASQL_CONFIG",
                        "type": "DatasetReference"
                    },
                    "firstRowOnly": false
                }
            },
            {
                "name": "ForEach_Worker2",
                "type": "ForEach",
                "dependsOn": [
                    {
                        "activity": "Get Files Worker2",
                        "dependencyConditions": [
                            "Succeeded"
                        ]
                    }
                ],
                "userProperties": [],
                "typeProperties": {
                    "items": {
                        "value": "@activity('Get Files Worker2').output.value",
                        "type": "Expression"
                    },
                    "isSequential": false,
                    "batchCount": 20,
                    "activities": [
                        {
                            "name": "PL_EXECUTE_COPY_ASQL_TO_ADLS_DEMO_INCR_W2",
                            "type": "ExecutePipeline",
                            "dependsOn": [],
                            "userProperties": [],
                            "typeProperties": {
                                "pipeline": {
                                    "referenceName": "PL_EXECUTE_COPY_ASQL_TO_ADLS_DEMO",
                                    "type": "PipelineReference"
                                },
                                "waitOnCompletion": true,
                                "parameters": {
                                    "FilePath": {
                                        "value": "@{Item().FilePath}",
                                        "type": "Expression"
                                    },
                                    "PipelineParameterId": {
                                        "value": "@{item().PipelineParameterId}",
                                        "type": "Expression"
                                    },
                                    "FileName": {
                                        "value": "@{item().FileName}",
                                        "type": "Expression"
                                    },
                                    "SelectQuery": {
                                        "value": "@{item().SelectQuery}",
                                        "type": "Expression"
                                    },
                                    "SelectLastLoadDate": {
                                        "value": "@{item().SelectLastLoadDate}",
                                        "type": "Expression"
                                    },
                                    "IsIncremental": {
                                        "value": "@{item().IsIncremental}",
                                        "type": "Expression"
                                    }
                                }
                            }
                        }
                    ]
                }
            },
            {
                "name": "Get Files Worker3",
                "description": "Will run all the Files with Worker 1. Setting is done in [configuration].[Source_Parameter]",
                "type": "Lookup",
                "dependsOn": [],
                "policy": {
                    "timeout": "7.00:00:00",
                    "retry": 2,
                    "retryIntervalInSeconds": 30,
                    "secureOutput": false,
                    "secureInput": false
                },
                "userProperties": [],
                "typeProperties": {
                    "source": {
                        "type": "AzureSqlSource",
                        "sqlReaderQuery": "SELECT [PipelineParameterId]\n      ,[SelectQuery]\n      ,[SelectLastLoaddate]\n      ,[FilePath]\n      ,[FileName]\n      ,[IsIncremental]\n  FROM [execution_demo].[Load_DataLake_Files]\nWHERE\tIsActive\t\t= 1 \nand Worker='3'\norder by WorkerOrder asc\n",
                        "queryTimeout": "02:00:00",
                        "partitionOption": "None"
                    },
                    "dataset": {
                        "referenceName": "DS_ASQL_CONFIG",
                        "type": "DatasetReference"
                    },
                    "firstRowOnly": false
                }
            },
            {
                "name": "ForEach_Worker3",
                "type": "ForEach",
                "dependsOn": [
                    {
                        "activity": "Get Files Worker3",
                        "dependencyConditions": [
                            "Succeeded"
                        ]
                    }
                ],
                "userProperties": [],
                "typeProperties": {
                    "items": {
                        "value": "@activity('Get Files Worker3').output.value",
                        "type": "Expression"
                    },
                    "isSequential": false,
                    "batchCount": 20,
                    "activities": [
                        {
                            "name": "PL_EXECUTE_COPY_ASQL_TO_ADLS_DEMO_INCR_W3",
                            "type": "ExecutePipeline",
                            "dependsOn": [],
                            "userProperties": [],
                            "typeProperties": {
                                "pipeline": {
                                    "referenceName": "PL_EXECUTE_COPY_ASQL_TO_ADLS_DEMO",
                                    "type": "PipelineReference"
                                },
                                "waitOnCompletion": true,
                                "parameters": {
                                    "FilePath": {
                                        "value": "@{Item().FilePath}",
                                        "type": "Expression"
                                    },
                                    "PipelineParameterId": {
                                        "value": "@{item().PipelineParameterId}",
                                        "type": "Expression"
                                    },
                                    "FileName": {
                                        "value": "@{item().FileName}",
                                        "type": "Expression"
                                    },
                                    "SelectQuery": {
                                        "value": "@{item().SelectQuery}",
                                        "type": "Expression"
                                    },
                                    "SelectLastLoadDate": {
                                        "value": "@{item().SelectLastLoadDate}",
                                        "type": "Expression"
                                    },
                                    "IsIncremental": {
                                        "value": "@{item().IsIncremental}",
                                        "type": "Expression"
                                    }
                                }
                            }
                        }
                    ]
                }
            },
            {
                "name": "Get Files Worker4",
                "description": "Will run all the Files with Worker 1. Setting is done in [configuration].[Source_Parameter]",
                "type": "Lookup",
                "dependsOn": [],
                "policy": {
                    "timeout": "7.00:00:00",
                    "retry": 2,
                    "retryIntervalInSeconds": 30,
                    "secureOutput": false,
                    "secureInput": false
                },
                "userProperties": [],
                "typeProperties": {
                    "source": {
                        "type": "AzureSqlSource",
                        "sqlReaderQuery": "SELECT [PipelineParameterId]\n      ,[SelectQuery]\n      ,[SelectLastLoaddate]\n      ,[FilePath]\n      ,[FileName]\n      ,[IsIncremental]\n  FROM [execution_demo].[Load_DataLake_Files]\nWHERE\tIsActive\t\t= 1 \nand Worker='4'\norder by WorkerOrder asc\n",
                        "queryTimeout": "02:00:00",
                        "partitionOption": "None"
                    },
                    "dataset": {
                        "referenceName": "DS_ASQL_CONFIG",
                        "type": "DatasetReference"
                    },
                    "firstRowOnly": false
                }
            },
            {
                "name": "ForEach_Worker4",
                "type": "ForEach",
                "dependsOn": [
                    {
                        "activity": "Get Files Worker4",
                        "dependencyConditions": [
                            "Succeeded"
                        ]
                    }
                ],
                "userProperties": [],
                "typeProperties": {
                    "items": {
                        "value": "@activity('Get Files Worker4').output.value",
                        "type": "Expression"
                    },
                    "isSequential": false,
                    "batchCount": 20,
                    "activities": [
                        {
                            "name": "PL_EXECUTE_COPY_ASQL_TO_ADLS_DEMO_INCR_W4",
                            "type": "ExecutePipeline",
                            "dependsOn": [],
                            "userProperties": [],
                            "typeProperties": {
                                "pipeline": {
                                    "referenceName": "PL_EXECUTE_COPY_ASQL_TO_ADLS_DEMO",
                                    "type": "PipelineReference"
                                },
                                "waitOnCompletion": true,
                                "parameters": {
                                    "FilePath": {
                                        "value": "@{Item().FilePath}",
                                        "type": "Expression"
                                    },
                                    "PipelineParameterId": {
                                        "value": "@{item().PipelineParameterId}",
                                        "type": "Expression"
                                    },
                                    "FileName": {
                                        "value": "@{item().FileName}",
                                        "type": "Expression"
                                    },
                                    "SelectQuery": {
                                        "value": "@{item().SelectQuery}",
                                        "type": "Expression"
                                    },
                                    "SelectLastLoadDate": {
                                        "value": "@{item().SelectLastLoadDate}",
                                        "type": "Expression"
                                    },
                                    "IsIncremental": {
                                        "value": "@{item().IsIncremental}",
                                        "type": "Expression"
                                    }
                                }
                            }
                        }
                    ]
                }
            },
            {
                "name": "Get Files Worker5",
                "description": "Will run all the Files with Worker 1. Setting is done in [configuration].[Source_Parameter]",
                "type": "Lookup",
                "dependsOn": [],
                "policy": {
                    "timeout": "7.00:00:00",
                    "retry": 2,
                    "retryIntervalInSeconds": 30,
                    "secureOutput": false,
                    "secureInput": false
                },
                "userProperties": [],
                "typeProperties": {
                    "source": {
                        "type": "AzureSqlSource",
                        "sqlReaderQuery": "SELECT [PipelineParameterId]\n      ,[SelectQuery]\n      ,[SelectLastLoaddate]\n      ,[FilePath]\n      ,[FileName]\n      ,[IsIncremental]\n  FROM [execution_demo].[Load_DataLake_Files]\nWHERE\tIsActive\t\t= 1 \nand Worker='5'\norder by WorkerOrder asc\n",
                        "queryTimeout": "02:00:00",
                        "partitionOption": "None"
                    },
                    "dataset": {
                        "referenceName": "DS_ASQL_CONFIG",
                        "type": "DatasetReference"
                    },
                    "firstRowOnly": false
                }
            },
            {
                "name": "ForEach_Worker5",
                "type": "ForEach",
                "dependsOn": [
                    {
                        "activity": "Get Files Worker5",
                        "dependencyConditions": [
                            "Succeeded"
                        ]
                    }
                ],
                "userProperties": [],
                "typeProperties": {
                    "items": {
                        "value": "@activity('Get Files Worker5').output.value",
                        "type": "Expression"
                    },
                    "isSequential": false,
                    "batchCount": 20,
                    "activities": [
                        {
                            "name": "PL_EXECUTE_COPY_ASQL_TO_ADLS_DEMO_INCR_W5",
                            "type": "ExecutePipeline",
                            "dependsOn": [],
                            "userProperties": [],
                            "typeProperties": {
                                "pipeline": {
                                    "referenceName": "PL_EXECUTE_COPY_ASQL_TO_ADLS_DEMO",
                                    "type": "PipelineReference"
                                },
                                "waitOnCompletion": true,
                                "parameters": {
                                    "FilePath": {
                                        "value": "@{Item().FilePath}",
                                        "type": "Expression"
                                    },
                                    "PipelineParameterId": {
                                        "value": "@{item().PipelineParameterId}",
                                        "type": "Expression"
                                    },
                                    "FileName": {
                                        "value": "@{item().FileName}",
                                        "type": "Expression"
                                    },
                                    "SelectQuery": {
                                        "value": "@{item().SelectQuery}",
                                        "type": "Expression"
                                    },
                                    "SelectLastLoadDate": {
                                        "value": "@{item().SelectLastLoadDate}",
                                        "type": "Expression"
                                    },
                                    "IsIncremental": {
                                        "value": "@{item().IsIncremental}",
                                        "type": "Expression"
                                    }
                                }
                            }
                        }
                    ]
                }
            },
            {
                "name": "Get Files Worker6",
                "description": "Will run all the Files with Worker 1. Setting is done in [configuration].[Source_Parameter]",
                "type": "Lookup",
                "dependsOn": [],
                "policy": {
                    "timeout": "7.00:00:00",
                    "retry": 2,
                    "retryIntervalInSeconds": 30,
                    "secureOutput": false,
                    "secureInput": false
                },
                "userProperties": [],
                "typeProperties": {
                    "source": {
                        "type": "AzureSqlSource",
                        "sqlReaderQuery": "SELECT [PipelineParameterId]\n      ,[SelectQuery]\n      ,[SelectLastLoaddate]\n      ,[FilePath]\n      ,[FileName]\n      ,[IsIncremental]\n  FROM [execution_demo].[Load_DataLake_Files]\nWHERE\tIsActive\t\t= 1 \nand Worker='6'\norder by WorkerOrder asc\n",
                        "queryTimeout": "02:00:00",
                        "partitionOption": "None"
                    },
                    "dataset": {
                        "referenceName": "DS_ASQL_CONFIG",
                        "type": "DatasetReference"
                    },
                    "firstRowOnly": false
                }
            },
            {
                "name": "ForEach_Worker6",
                "type": "ForEach",
                "dependsOn": [
                    {
                        "activity": "Get Files Worker6",
                        "dependencyConditions": [
                            "Succeeded"
                        ]
                    }
                ],
                "userProperties": [],
                "typeProperties": {
                    "items": {
                        "value": "@activity('Get Files Worker6').output.value",
                        "type": "Expression"
                    },
                    "isSequential": false,
                    "batchCount": 20,
                    "activities": [
                        {
                            "name": "PL_EXECUTE_COPY_ASQL_TO_ADLS_DEMO_INCR_W6",
                            "type": "ExecutePipeline",
                            "dependsOn": [],
                            "userProperties": [],
                            "typeProperties": {
                                "pipeline": {
                                    "referenceName": "PL_EXECUTE_COPY_ASQL_TO_ADLS_DEMO",
                                    "type": "PipelineReference"
                                },
                                "waitOnCompletion": true,
                                "parameters": {
                                    "FilePath": {
                                        "value": "@{Item().FilePath}",
                                        "type": "Expression"
                                    },
                                    "PipelineParameterId": {
                                        "value": "@{item().PipelineParameterId}",
                                        "type": "Expression"
                                    },
                                    "FileName": {
                                        "value": "@{item().FileName}",
                                        "type": "Expression"
                                    },
                                    "SelectQuery": {
                                        "value": "@{item().SelectQuery}",
                                        "type": "Expression"
                                    },
                                    "SelectLastLoadDate": {
                                        "value": "@{item().SelectLastLoadDate}",
                                        "type": "Expression"
                                    },
                                    "IsIncremental": {
                                        "value": "@{item().IsIncremental}",
                                        "type": "Expression"
                                    }
                                }
                            }
                        }
                    ]
                }
            }
        ],
        "folder": {
            "name": "Demo/Switch/02.Command"
        },
        "annotations": [
            "Accelerator: Nitrogen",
            "Supplier: Erwin de Kreuk"
        ],
        "lastPublishTime": "2021-06-15T17:31:01Z"
    },
    "type": "Microsoft.Synapse/workspaces/pipelines"
}