{
    "name": "PL_EXECUTE_COPY_ASQL_TO_ADLS_DEMO",
    "properties": {
        "description": "Load data from any ASQL database to ADLS in parquet format",
        "activities": [
            {
                "name": "CheckIncrementalLoad",
                "type": "Switch",
                "dependsOn": [],
                "userProperties": [],
                "typeProperties": {
                    "on": {
                        "value": "@string(pipeline().parameters.IsIncremental)",
                        "type": "Expression"
                    },
                    "cases": [
                        {
                            "value": "True",
                            "activities": [
                                {
                                    "name": "Copy Source to ADLS",
                                    "type": "Copy",
                                    "dependsOn": [
                                        {
                                            "activity": "Get LastLoadDate",
                                            "dependencyConditions": [
                                                "Succeeded"
                                            ]
                                        }
                                    ],
                                    "policy": {
                                        "timeout": "0.00:04:00",
                                        "retry": 2,
                                        "retryIntervalInSeconds": 60,
                                        "secureOutput": false,
                                        "secureInput": false
                                    },
                                    "userProperties": [
                                        {
                                            "name": "Source",
                                            "value": "."
                                        },
                                        {
                                            "name": "Destination",
                                            "value": "raw/@{pipeline().parameters.FilePath}/@{pipeline().parameters.FileName}"
                                        }
                                    ],
                                    "typeProperties": {
                                        "source": {
                                            "type": "AzureSqlSource",
                                            "sqlReaderQuery": {
                                                "value": "@{pipeline().parameters.SelectQuery}",
                                                "type": "Expression"
                                            },
                                            "queryTimeout": "00:30:00",
                                            "partitionOption": "None"
                                        },
                                        "sink": {
                                            "type": "ParquetSink",
                                            "storeSettings": {
                                                "type": "AzureBlobFSWriteSettings"
                                            },
                                            "formatSettings": {
                                                "type": "ParquetWriteSettings"
                                            }
                                        },
                                        "enableStaging": false,
                                        "parallelCopies": 10,
                                        "enableSkipIncompatibleRow": true,
                                        "validateDataConsistency": true,
                                        "logStorageSettings": {
                                            "linkedServiceName": {
                                                "referenceName": "LS_ADLS_DLS2",
                                                "type": "LinkedServiceReference"
                                            },
                                            "path": {
                                                "value": "raw/logging/@{formatDateTime(utcnow(), 'yyyy/MM/dd')}",
                                                "type": "Expression"
                                            }
                                        },
                                        "enableLogging": true
                                    },
                                    "inputs": [
                                        {
                                            "referenceName": "DS_ASQL_SOURCE_DEMO",
                                            "type": "DatasetReference"
                                        }
                                    ],
                                    "outputs": [
                                        {
                                            "referenceName": "DS_ADLS_RAW_PARQUET",
                                            "type": "DatasetReference",
                                            "parameters": {
                                                "FilePath": {
                                                    "value": "@pipeline().parameters.FilePath",
                                                    "type": "Expression"
                                                },
                                                "Filename": {
                                                    "value": "@pipeline().parameters.FileName",
                                                    "type": "Expression"
                                                }
                                            }
                                        }
                                    ]
                                },
                                {
                                    "name": "Set LastLoaddate Source",
                                    "type": "SqlServerStoredProcedure",
                                    "dependsOn": [
                                        {
                                            "activity": "Copy Source to ADLS",
                                            "dependencyConditions": [
                                                "Succeeded"
                                            ]
                                        }
                                    ],
                                    "policy": {
                                        "timeout": "0.00:02:00",
                                        "retry": 2,
                                        "retryIntervalInSeconds": 30,
                                        "secureOutput": false,
                                        "secureInput": false
                                    },
                                    "userProperties": [],
                                    "typeProperties": {
                                        "storedProcedureName": "sp_executesql",
                                        "storedProcedureParameters": {
                                            "STMNT": {
                                                "value": {
                                                    "value": "UPDATE\t\tx\nSET\t\t\t[LastLoadtime] = '@{activity('Get LastLoadDate').output.firstrow.LastLoadDate}' \nFROM\t\tconfiguration_demo.Source_Parameter\tx\t\n\nwhere id= @{pipeline().parameters.PipelineParameterId}",
                                                    "type": "Expression"
                                                },
                                                "type": "String"
                                            }
                                        }
                                    },
                                    "linkedServiceName": {
                                        "referenceName": "LS_ASQL_CONFIG",
                                        "type": "LinkedServiceReference"
                                    }
                                },
                                {
                                    "name": "Get LastLoadDate",
                                    "type": "Lookup",
                                    "dependsOn": [],
                                    "policy": {
                                        "timeout": "7.00:00:00",
                                        "retry": 2,
                                        "retryIntervalInSeconds": 30,
                                        "secureOutput": false,
                                        "secureInput": false
                                    },
                                    "userProperties": [],
                                    "typeProperties": {
                                        "source": {
                                            "type": "AzureSqlSource",
                                            "sqlReaderQuery": {
                                                "value": "@{pipeline().parameters.SelectLastLoadDate}",
                                                "type": "Expression"
                                            },
                                            "queryTimeout": "02:00:00",
                                            "partitionOption": "None"
                                        },
                                        "dataset": {
                                            "referenceName": "DS_ASQL_SOURCE_DEMO",
                                            "type": "DatasetReference"
                                        },
                                        "firstRowOnly": true
                                    }
                                }
                            ]
                        }
                    ],
                    "defaultActivities": [
                        {
                            "name": "Copy Source to ADLS_FULL",
                            "type": "Copy",
                            "dependsOn": [],
                            "policy": {
                                "timeout": "0.00:04:00",
                                "retry": 2,
                                "retryIntervalInSeconds": 60,
                                "secureOutput": false,
                                "secureInput": false
                            },
                            "userProperties": [
                                {
                                    "name": "Source",
                                    "value": "."
                                },
                                {
                                    "name": "Destination",
                                    "value": "raw/@{pipeline().parameters.FilePath}/@{pipeline().parameters.FileName}"
                                }
                            ],
                            "typeProperties": {
                                "source": {
                                    "type": "AzureSqlSource",
                                    "sqlReaderQuery": {
                                        "value": "@{pipeline().parameters.SelectQuery}",
                                        "type": "Expression"
                                    },
                                    "queryTimeout": "00:30:00",
                                    "partitionOption": "None"
                                },
                                "sink": {
                                    "type": "ParquetSink",
                                    "storeSettings": {
                                        "type": "AzureBlobFSWriteSettings"
                                    },
                                    "formatSettings": {
                                        "type": "ParquetWriteSettings"
                                    }
                                },
                                "enableStaging": false,
                                "parallelCopies": 10,
                                "enableSkipIncompatibleRow": true,
                                "validateDataConsistency": true,
                                "logStorageSettings": {
                                    "linkedServiceName": {
                                        "referenceName": "LS_ADLS_DLS2",
                                        "type": "LinkedServiceReference"
                                    },
                                    "path": {
                                        "value": "raw/logging/@{formatDateTime(utcnow(), 'yyyy/MM/dd')}",
                                        "type": "Expression"
                                    }
                                },
                                "enableLogging": true
                            },
                            "inputs": [
                                {
                                    "referenceName": "DS_ASQL_SOURCE_DEMO",
                                    "type": "DatasetReference"
                                }
                            ],
                            "outputs": [
                                {
                                    "referenceName": "DS_ADLS_RAW_PARQUET",
                                    "type": "DatasetReference",
                                    "parameters": {
                                        "FilePath": {
                                            "value": "@pipeline().parameters.FilePath",
                                            "type": "Expression"
                                        },
                                        "Filename": {
                                            "value": "@pipeline().parameters.FileName",
                                            "type": "Expression"
                                        }
                                    }
                                }
                            ]
                        },
                        {
                            "name": "Set LastLoaddate Source_FULL",
                            "type": "SqlServerStoredProcedure",
                            "dependsOn": [
                                {
                                    "activity": "Copy Source to ADLS_FULL",
                                    "dependencyConditions": [
                                        "Succeeded"
                                    ]
                                }
                            ],
                            "policy": {
                                "timeout": "0.00:02:00",
                                "retry": 2,
                                "retryIntervalInSeconds": 30,
                                "secureOutput": false,
                                "secureInput": false
                            },
                            "userProperties": [],
                            "typeProperties": {
                                "storedProcedureName": "sp_executesql",
                                "storedProcedureParameters": {
                                    "STMNT": {
                                        "value": {
                                            "value": "UPDATE\t\tx\nSET\t\t\t[LastLoadtime] = getdate()\nFROM\t\tconfiguration_demo.Source_Parameter\tx\t\n\nwhere id= @{pipeline().parameters.PipelineParameterId}",
                                            "type": "Expression"
                                        },
                                        "type": "String"
                                    }
                                }
                            },
                            "linkedServiceName": {
                                "referenceName": "LS_ASQL_CONFIG",
                                "type": "LinkedServiceReference"
                            }
                        }
                    ]
                }
            }
        ],
        "parameters": {
            "FilePath": {
                "type": "string",
                "defaultValue": "WWI/Purchasing_PurchaseOrderLines/2021/07/07"
            },
            "PipelineParameterId": {
                "type": "int",
                "defaultValue": 1
            },
            "FileName": {
                "type": "string",
                "defaultValue": "WWI_Purchasing_PurchaseOrderLines_202107071746.parquet"
            },
            "SelectQuery": {
                "type": "string",
                "defaultValue": "SELECT * FROM [Purchasing].[PurchaseOrderLines] where 0 = 0 OR 1 = 0 AND LasteditedWhen >='Jul  6 2021  7:57AM'"
            },
            "SelectLastLoadDate": {
                "type": "string",
                "defaultValue": "SELECT CASE WHEN 0 = 1 THEN CONVERT(VARCHAR, MAX(LasteditedWhen), 120) ELSE CONVERT(VARCHAR, GETDATE(), 120) END AS [LastLoadDate] FROM [Purchasing].[PurchaseOrderLines]"
            },
            "IsIncremental": {
                "type": "bool",
                "defaultValue": true
            }
        },
        "variables": {
            "Filename": {
                "type": "String"
            }
        },
        "folder": {
            "name": "Demo/Switch/03.Execute"
        },
        "annotations": [
            "Stage: Datalake",
            "Accelerator: Nitrogen",
            "Supplier: InSpark"
        ],
        "lastPublishTime": "2021-06-29T09:16:00Z"
    },
    "type": "Microsoft.Synapse/workspaces/pipelines"
}