{"$schema":"http://schema.management.azure.com/schemas/2015-01-01/deploymentTemplate.json#","contentVersion":"1.0.0.0","parameters":{"workspaceName":{"type":"string","metadata":"Workspace name","defaultValue":"labseuwdvlmsynoxgn01"}},"variables":{"workspaceId":"[concat('Microsoft.Synapse/workspaces/', parameters('workspaceName'))]"},"resources":[{"name":"[concat(parameters('workspaceName'), '/PL_ACT_SCALE_SQLPOOL')]","type":"Microsoft.Synapse/workspaces/pipelines","apiVersion":"2019-06-01-preview","properties":{"description":"Pipeline to SCALE a Synapse Dedicated SQL Pool","activities":[{"name":"Until SQL POOL is Paused or Online","description":"Check every x second to see if status is changed. We can only change Status when  in Paused or Online mode","type":"Until","dependsOn":[{"activity":"Get Synapse Name","dependencyConditions":["Succeeded"]}],"userProperties":[],"typeProperties":{"expression":{"value":"@or(bool(startswith(activity('Check for changed SQLPool Status').Output.Properties.status,'Paused'))\n,Bool(startswith(activity('Check for changed SQLPool Status').Output.Properties.status,'Online')))","type":"Expression"},"activities":[{"name":"Check for changed SQLPool Status","description":"Check every x second to see if status is changed","type":"WebActivity","dependsOn":[],"policy":{"timeout":"7.00:00:00","retry":3,"retryIntervalInSeconds":30,"secureOutput":false,"secureInput":false},"userProperties":[],"typeProperties":{"url":{"value":"https://management.azure.com/subscriptions/@{activity('Get Synapse Name').output.firstRow.SubscriptionId}/resourceGroups/@{activity('Get Synapse Name').output.firstRow.ResourceGroupName}/providers/Microsoft.Synapse/workspaces/@{pipeline().DataFactory}/sqlPools/@{activity('Get Synapse Name').output.firstRow.SynapseDedicatedSQLPool}/?api-version=2019-06-01-preview","type":"Expression"},"connectVia":{"referenceName":"AutoResolveIntegrationRuntime","type":"IntegrationRuntimeReference"},"method":"GET","headers":{},"body":{"Dummy":"Dummy"},"authentication":{"type":"MSI","resource":"https://management.azure.com/"}}},{"name":"Wait before checking again","type":"Wait","dependsOn":[{"activity":"Check for changed SQLPool Status","dependencyConditions":["Succeeded"]}],"userProperties":[],"typeProperties":{"waitTimeInSeconds":{"value":"@pipeline().parameters.WaitTimeUntil","type":"Expression"}}}],"timeout":"0.00:20:00"}},{"name":"Check if SQL POOL is Paused","description":"When SQLPool is Paused do nothing","type":"IfCondition","dependsOn":[{"activity":"Until SQL POOL is Paused or Online","dependencyConditions":["Succeeded"]}],"userProperties":[],"typeProperties":{"expression":{"value":"@bool(startswith(activity('Check for changed SQLPool Status').Output.Properties.status,'Paused'))","type":"Expression"},"ifTrueActivities":[{"name":"Resume SQLPOOL","type":"WebActivity","dependsOn":[],"policy":{"timeout":"7.00:00:00","retry":0,"retryIntervalInSeconds":30,"secureOutput":false,"secureInput":true},"userProperties":[],"typeProperties":{"url":{"value":"https://management.azure.com/subscriptions/@{activity('Get Synapse Name').output.firstRow.SubscriptionId}/resourceGroups/@{activity('Get Synapse Name').output.firstRow.ResourceGroupName}/providers/Microsoft.Synapse/workspaces/@{pipeline().DataFactory}/sqlPools/@{activity('Get Synapse Name').output.firstRow.SynapseDedicatedSQLPool}/@{pipeline().parameters.Action}?api-version=2019-06-01-preview","type":"Expression"},"connectVia":{"referenceName":"AutoResolveIntegrationRuntime","type":"IntegrationRuntimeReference"},"method":"POST","headers":{},"body":{"Nothing":"Nothing"},"authentication":{"type":"MSI","resource":"https://management.azure.com/"}}},{"name":"Wait before Continue","type":"Wait","dependsOn":[{"activity":"Resume SQLPOOL","dependencyConditions":["Succeeded"]}],"userProperties":[],"typeProperties":{"waitTimeInSeconds":{"value":"@pipeline().parameters.WaitTime","type":"Expression"}}}]}},{"name":"SCALE SQLPOOL","type":"WebActivity","dependsOn":[{"activity":"Check if SQL POOL is Paused","dependencyConditions":["Succeeded"]}],"policy":{"timeout":"7.00:00:00","retry":0,"retryIntervalInSeconds":30,"secureOutput":false,"secureInput":false},"userProperties":[],"typeProperties":{"url":{"value":"https://management.azure.com/subscriptions/@{activity('Get Synapse Name').output.firstRow.SubscriptionId}/resourceGroups/@{activity('Get Synapse Name').output.firstRow.ResourceGroupName}/providers/Microsoft.Synapse/workspaces/@{pipeline().DataFactory}/sqlPools/@{activity('Get Synapse Name').output.firstRow.SynapseDedicatedSQLPool}/?api-version=2019-06-01-preview","type":"Expression"},"connectVia":{"referenceName":"AutoResolveIntegrationRuntime","type":"IntegrationRuntimeReference"},"method":"PATCH","headers":{"Content-Type":"application/json"},"body":{"value":"{ \n \"sku\": { \n    \"name\": '@{pipeline().parameters.PerformanceLevel}' \n  } \n}\n","type":"Expression"},"authentication":{"type":"MSI","resource":"https://management.azure.com/"}}},{"name":"Get Synapse Name","type":"Lookup","dependsOn":[],"policy":{"timeout":"7.00:00:00","retry":2,"retryIntervalInSeconds":30,"secureOutput":false,"secureInput":false},"userProperties":[],"typeProperties":{"source":{"type":"AzureSqlSource","sqlReaderStoredProcedureName":"[configuration].[Environment]","storedProcedureParameters":{"ColumnToPivot":{"type":"String","value":"ParameterName"},"ListToPivot":{"type":"String","value":"[ResourceGroupName]\n ,[SubscriptionId]\n,[SynapseDedicatedSQLPool]"}},"queryTimeout":"02:00:00","partitionOption":"None"},"dataset":{"referenceName":"DS_ASQL_CONFIG","type":"DatasetReference","parameters":{}},"firstRowOnly":true}}],"policy":{"elapsedTimeMetric":{},"cancelAfter":{}},"parameters":{"Action":{"type":"string","defaultValue":"Resume"},"WaitTime":{"type":"int","defaultValue":10},"WaitTimeUntil":{"type":"int","defaultValue":30},"PerformanceLevel":{"type":"string","defaultValue":"DW500c"}},"folder":{"name":"Nitrogen/Automation/SQLPOOL/SQL POOL Scale"},"annotations":[],"lastPublishTime":"2021-10-18T09:39:49Z"},"dependsOn":["[concat(variables('workspaceId'), '/datasets/DS_ASQL_CONFIG')]"]},{"name":"[concat(parameters('workspaceName'), '/DS_ASQL_CONFIG')]","type":"Microsoft.Synapse/workspaces/datasets","apiVersion":"2019-06-01-preview","properties":{"description":".","linkedServiceName":{"referenceName":"LS_ASQL_CONFIG","type":"LinkedServiceReference"},"folder":{"name":"Nitrogen/Metadata"},"annotations":["scenario: Sparkhouse","stage: Configuration"],"type":"AzureSqlTable","schema":[],"typeProperties":{"schema":"configuration","table":"Environment_Parameter"}},"dependsOn":[]},{"name":"[concat(parameters('workspaceName'), '/default')]","type":"Microsoft.Synapse/workspaces/managedVirtualNetworks","apiVersion":"2019-06-01-preview","properties":{},"dependsOn":[]}]}